MOUSE ID,MOUSE SEX,MOUSE WEIGHT,REPLICATE #,INFESTATION DATE,TICK TREATMENT,TOTAL TICKS ADDED,TICK SPECIES,TICK #,TICK DROP-OFF DATE,TICK DEAD,DAYS FEEDING (UNTIL DROP-OFF),TICK WEIGHT,NOTES
R202,F,19.1,1,11/11/24,BLT,10,BLT,1,11/16/24,,5,3.34,
R202,F,19.1,1,11/11/24,BLT,10,BLT,2,11/16/24,,5,2.38,
R202,F,19.1,1,11/11/24,BLT,10,BLT,3,11/18/24,,7,0.19,TICK REMOVED (FLAT)
R202,F,19.1,1,11/11/24,BLT,10,BLT,4,,1,,,TICK FOUND DEAD IN CAPSULE
R202,F,19.1,1,11/11/24,BLT,10,BLT,5,,1,,,TICK FOUND DEAD IN CAPSULE
R202,F,19.1,1,11/11/24,BLT,10,BLT,6,,1,,,TICK FOUND DEAD IN CAPSULE
R202,F,19.1,1,11/11/24,BLT,10,BLT,7,,1,,,TICK FOUND DEAD IN CAPSULE
R202,F,19.1,1,11/11/24,BLT,10,BLT,8,,1,,,TICK FOUND DEAD IN CAPSULE
R202,F,19.1,1,11/11/24,BLT,10,BLT,9,,1,,,TICK FOUND DEAD IN CAPSULE
R202,F,19.1,1,11/11/24,BLT,10,BLT,10,,1,,,TICK FOUND DEAD IN CAPSULE
R201,F,20.7,1,11/11/24,ADT,10,ADT,1,11/16/24,,5,15.24,
R201,F,20.7,1,11/11/24,ADT,10,ADT,2,11/16/24,,5,12.79,
R201,F,20.7,1,11/11/24,ADT,10,ADT,3,11/16/24,,5,13.95,
R201,F,20.7,1,11/11/24,ADT,10,ADT,4,11/16/24,,5,14.75,
R201,F,20.7,1,11/11/24,ADT,10,ADT,5,11/16/24,,5,15.2,
R201,F,20.7,1,11/11/24,ADT,10,ADT,6,11/16/24,,5,13.43,
R201,F,20.7,1,11/11/24,ADT,10,ADT,7,11/16/24,,5,12.53,
R201,F,20.7,1,11/11/24,ADT,10,ADT,8,11/16/24,,5,16.5,
R201,F,20.7,1,11/11/24,ADT,10,ADT,9,11/16/24,,5,13.68,
R201,F,20.7,1,11/11/24,ADT,10,ADT,10,11/16/24,,5,,TICK POPPED
R233,F,27.9,1,11/11/24,GCT,10,GCT,1,11/18/24,,7,21.97,
R233,F,27.9,1,11/11/24,GCT,10,GCT,2,11/18/24,,7,19.17,
R233,F,27.9,1,11/11/24,GCT,10,GCT,3,11/18/24,,7,18.31,
R233,F,27.9,1,11/11/24,GCT,10,GCT,4,11/18/24,,7,19.93,
R233,F,27.9,1,11/11/24,GCT,10,GCT,5,11/18/24,,7,21.32,
R233,F,27.9,1,11/11/24,GCT,10,GCT,6,11/18/24,,7,21.65,
R233,F,27.9,1,11/11/24,GCT,10,GCT,7,11/18/24,,7,18.56,
R233,F,27.9,1,11/11/24,GCT,10,GCT,8,11/18/24,,7,18.99,
R233,F,27.9,1,11/11/24,GCT,10,GCT,9,11/18/24,,7,20.5,
R233,F,27.9,1,11/11/24,GCT,10,GCT,10,,1,,,
R219,F ,21.1,1,11/11/24,BLTxADT,10,BLT,1,11/16/24,,5,1.92,
R219,F ,21.1,1,11/11/24,BLTxADT,10,BLT,2,11/16/24,,5,0.21,
R219,F ,21.1,1,11/11/24,BLTxADT,10,BLT,3,,1,,,"ATTACHED + ALIVE, BUT DID NOT FEED?"
R219,F ,21.1,1,11/11/24,BLTxADT,10,BLT,4,,1,,,"ATTACHED + ALIVE, BUT DID NOT FEED?"
R219,F ,21.1,1,11/11/24,BLTxADT,10,BLT,5,,1,,,"ATTACHED + ALIVE, BUT DID NOT FEED?"
R219,F ,21.1,1,11/11/24,BLTxADT,10,ADT,1,11/16/24,,5,17.99,
R219,F ,21.1,1,11/11/24,BLTxADT,10,ADT,2,11/16/24,,5,13.81,
R219,F ,21.1,1,11/11/24,BLTxADT,10,ADT,3,11/16/24,,5,10.56,
R219,F ,21.1,1,11/11/24,BLTxADT,10,ADT,4,11/16/24,,5,17.69,
R219,F ,21.1,1,11/11/24,BLTxADT,10,ADT,5,11/16/24,,5,1.92,
R221,F,42.9,1,11/11/24,BLTxGCT,10,BLT,1,11/16/24,,5,3.72,
R221,F,42.9,1,11/11/24,BLTxGCT,10,BLT,2,11/18/24,,7,0.25,"ATTACHED + ALIVE, BUT DID NOT FEED?"
R221,F,42.9,1,11/11/24,BLTxGCT,10,BLT,3,11/18/24,,7,0.67,"ATTACHED + ALIVE, BUT DID NOT FEED?"
R221,F,42.9,1,11/11/24,BLTxGCT,10,BLT,4,,1,,,
R221,F,42.9,1,11/11/24,BLTxGCT,10,BLT,5,,1,,,
R221,F,42.9,1,11/11/24,BLTxGCT,10,GCT,1,11/18/24,,7,21.97,
R221,F,42.9,1,11/11/24,BLTxGCT,10,GCT,2,11/18/24,,7,16.56,
R221,F,42.9,1,11/11/24,BLTxGCT,10,GCT,3,11/18/24,,7,21.46,
R221,F,42.9,1,11/11/24,BLTxGCT,10,GCT,4,11/18/24,,7,19.68,
R221,F,42.9,1,11/11/24,BLTxGCT,10,GCT,5,11/18/24,,7,20.96,
R203,F,22.1,1,11/11/24,ADTxGCT,11,ADT,1,11/16/24,,5,12.57,
R203,F,22.1,1,11/11/24,ADTxGCT,11,ADT,2,11/16/24,,5,16.26,
R203,F,22.1,1,11/11/24,ADTxGCT,11,ADT,3,11/16/24,,5,14.03,
R203,F,22.1,1,11/11/24,ADTxGCT,11,ADT,4,11/16/24,,5,17.96,
R203,F,22.1,1,11/11/24,ADTxGCT,11,ADT,5,11/16/24,,5,13.78,
R203,F,22.1,1,11/11/24,ADTxGCT,11,GCT,6,11/16/24,,5,14.37,
R203,F,22.1,1,11/11/24,ADTxGCT,11,GCT,1,11/18/24,,7,19.72,
R203,F,22.1,1,11/11/24,ADTxGCT,11,GCT,2,11/18/24,,7,14,
R203,F,22.1,1,11/11/24,ADTxGCT,11,GCT,3,11/18/24,,7,17.53,
R203,F,22.1,1,11/11/24,ADTxGCT,11,GCT,4,11/18/24,,7,24.2,
R203,F,22.1,1,11/11/24,ADTxGCT,11,GCT,5,11/18/24,,7,18.19,
DB178,M,26.7,2,12/4/24,ADTxGCT,10,ADT,1,12/9/24,,5,10.2,
DB178,M,26.7,2,12/4/24,ADTxGCT,10,ADT,2,12/9/24,,5,16.7,
DB178,M,26.7,2,12/4/24,ADTxGCT,10,ADT,3,12/9/24,,5,10.79,
DB178,M,26.7,2,12/4/24,ADTxGCT,10,ADT,4,12/9/24,,5,17.87,
DB178,M,26.7,2,12/4/24,ADTxGCT,10,ADT,5,,1,,,TICK FOUND DEAD IN CAPSULE
DB178,M,26.7,2,12/4/24,ADTxGCT,10,GCT,1,12/10/24,,6,19.44,
DB178,M,26.7,2,12/4/24,ADTxGCT,10,GCT,2,12/10/24,,6,22.02,
DB178,M,26.7,2,12/4/24,ADTxGCT,10,GCT,3,12/10/24,,6,13.37,
DB178,M,26.7,2,12/4/24,ADTxGCT,10,GCT,4,12/10/24,,6,11.48,
DB178,M,26.7,2,12/4/24,ADTxGCT,10,GCT,5,12/10/24,,6,16.63,
DB233,M,24.3,2,12/4/24,ADT,10,ADT,1,12/9/24,,5,14.23,
DB233,M,24.3,2,12/4/24,ADT,10,ADT,2,12/9/24,,5,18.5,
DB233,M,24.3,2,12/4/24,ADT,10,ADT,3,12/9/24,,5,15.12,
DB233,M,24.3,2,12/4/24,ADT,10,ADT,4,12/9/24,,5,15.5,
DB233,M,24.3,2,12/4/24,ADT,10,ADT,5,12/9/24,,5,13.39,
DB233,M,24.3,2,12/4/24,ADT,10,ADT,6,12/9/24,,5,15.4,
DB233,M,24.3,2,12/4/24,ADT,10,ADT,7,12/9/24,,5,19.99,
DB233,M,24.3,2,12/4/24,ADT,10,ADT,8,12/9/24,,5,10.53,
DB233,M,24.3,2,12/4/24,ADT,10,ADT,9,12/9/24,,5,12.26,
DB233,M,24.3,2,12/4/24,ADT,10,ADT,10,,1,,,TICK FOUND DEAD IN CAPSULE
DB243,M,24.3,2,12/4/24,BLTxADT,10,BLT,1,,1,,,TICK FOUND DEAD IN CAPSULE
DB243,M,24.3,2,12/4/24,BLTxADT,10,BLT,2,12/9/24,1,,,TICK FOUND DEAD IN CAPSULE
DB243,M,24.3,2,12/4/24,BLTxADT,10,BLT,3,,1,,,TICK FOUND DEAD IN CAPSULE
DB243,M,24.3,2,12/4/24,BLTxADT,10,BLT,4,,1,,,TICK FOUND DEAD IN CAPSULE
DB243,M,24.3,2,12/4/24,BLTxADT,10,BLT,5,,1,,,TICK FOUND DEAD IN CAPSULE
DB243,M,24.3,2,12/4/24,BLTxADT,10,ADT,1,12/9/24,,5,3.28,
DB243,M,24.3,2,12/4/24,BLTxADT,10,ADT,2,12/9/24,,5,17.53,
DB243,M,24.3,2,12/4/24,BLTxADT,10,ADT,3,12/9/24,,5,9.06,
DB243,M,24.3,2,12/4/24,BLTxADT,10,ADT,4,12/9/24,,5,16.44,
DB243,M,24.3,2,12/4/24,BLTxADT,10,ADT,5,12/9/24,,5,11.75,
DB223,M,24.1,2,12/4/24,BLTxGCT,10,BLT,1,,1,,,TICK FOUND DEAD IN CAPSULE
DB223,M,24.1,2,12/4/24,BLTxGCT,10,BLT,2,,1,,,TICK FOUND DEAD IN CAPSULE
DB223,M,24.1,2,12/4/24,BLTxGCT,10,BLT,3,,1,,,TICK FOUND DEAD IN CAPSULE
DB223,M,24.1,2,12/4/24,BLTxGCT,10,BLT,4,,1,,,TICK FOUND DEAD IN CAPSULE
DB223,M,24.1,2,12/4/24,BLTxGCT,10,BLT,5,,1,,,TICK FOUND DEAD IN CAPSULE
DB223,M,24.1,2,12/4/24,BLTxGCT,10,GCT,1,12/10/24,,6,9.96,
DB223,M,24.1,2,12/4/24,BLTxGCT,10,GCT,2,12/10/24,,6,5.7,
DB223,M,24.1,2,12/4/24,BLTxGCT,10,GCT,3,12/10/24,,6,19.93,
DB223,M,24.1,2,12/4/24,BLTxGCT,10,GCT,4,12/10/24,,6,22.05,
DB223,M,24.1,2,12/4/24,BLTxGCT,10,GCT,5,,1,,,TICK FOUND DEAD IN CAPSULE
DB220,M,27.6,2,12/4/24,BLT,10,BLT,1,,1,,,TICK FOUND DEAD IN CAPSULE
DB220,M,27.6,2,12/4/24,BLT,10,BLT,2,,1,,,TICK FOUND DEAD IN CAPSULE
DB220,M,27.6,2,12/4/24,BLT,10,BLT,3,,1,,,TICK FOUND DEAD IN CAPSULE
DB220,M,27.6,2,12/4/24,BLT,10,BLT,4,,1,,,TICK FOUND DEAD IN CAPSULE
DB220,M,27.6,2,12/4/24,BLT,10,BLT,5,,1,,,TICK FOUND DEAD IN CAPSULE
DB220,M,27.6,2,12/4/24,BLT,10,BLT,6,,1,,,TICK FOUND DEAD IN CAPSULE
DB220,M,27.6,2,12/4/24,BLT,10,BLT,7,,1,,,TICK FOUND DEAD IN CAPSULE
DB220,M,27.6,2,12/4/24,BLT,10,BLT,8,,1,,,TICK FOUND DEAD IN CAPSULE
DB220,M,27.6,2,12/4/24,BLT,10,BLT,9,,1,,,TICK FOUND DEAD IN CAPSULE
DB220,M,27.6,2,12/4/24,BLT,10,BLT,10,,1,,,TICK FOUND DEAD IN CAPSULE
DB188,M,25.8,2,12/4/24,GCT,10,GCT,1,12/10/24,,6,16.61,
DB188,M,25.8,2,12/4/24,GCT,10,GCT,2,12/10/24,,6,22.72,
DB188,M,25.8,2,12/4/24,GCT,10,GCT,3,12/10/24,,6,17.14,
DB188,M,25.8,2,12/4/24,GCT,10,GCT,4,12/10/24,,6,17.39,
DB188,M,25.8,2,12/4/24,GCT,10,GCT,5,12/10/24,,6,18.54,
DB188,M,25.8,2,12/4/24,GCT,10,GCT,6,12/10/24,,6,15.3,
DB188,M,25.8,2,12/4/24,GCT,10,GCT,7,12/10/24,,6,15.33,
DB188,M,25.8,2,12/4/24,GCT,10,GCT,8,12/10/24,,6,20.71,
DB188,M,25.8,2,12/4/24,GCT,10,GCT,9,12/10/24,,6,16.75,
DB188,M,25.8,2,12/4/24,GCT,10,GCT,10,12/10/24,,6,10.52,
R261,F,15.8,3,1/24/25,BLT,10,BLT,1,1/30/25,,6,2.44,
R261,F,15.8,3,1/24/25,BLT,10,BLT,2,1/30/25,,6,3.96,
R261,F,15.8,3,1/24/25,BLT,10,BLT,3,1/30/25,,6,2.8,
R261,F,15.8,3,1/24/25,BLT,10,BLT,4,1/30/25,,6,2.43,
R261,F,15.8,3,1/24/25,BLT,10,BLT,5,1/30/25,,6,4.76,
R261,F,15.8,3,1/24/25,BLT,10,BLT,6,1/30/25,,6,2.26,
R261,F,15.8,3,1/24/25,BLT,10,BLT,7,1/30/25,,6,4.8,
R261,F,15.8,3,1/24/25,BLT,10,BLT,8,1/30/25,,6,4.33,
R261,F,15.8,3,1/24/25,BLT,10,BLT,9,1/30/25,,6,2.75,
R261,F,15.8,3,1/24/25,BLT,10,BLT,10,,1,,,TICK FOUND DEAD IN CAPSULE
R229,F,19.1,3,1/24/25,BLTxADT,10,BLT,1,1/30/25,,6,4.52,
R229,F,19.1,3,1/24/25,BLTxADT,10,BLT,2,1/30/25,,6,4.76,
R229,F,19.1,3,1/24/25,BLTxADT,10,BLT,3,1/30/25,,6,2.7,
R229,F,19.1,3,1/24/25,BLTxADT,10,BLT,4,1/30/25,,6,4.5,
R229,F,19.1,3,1/24/25,BLTxADT,10,BLT,5,1/30/25,,6,2.47,
R229,F,19.1,3,1/24/25,BLTxADT,10,ADT,1,1/30/25,,6,11.01,
R229,F,19.1,3,1/24/25,BLTxADT,10,ADT,2,1/30/25,,6,14.37,
R229,F,19.1,3,1/24/25,BLTxADT,10,ADT,3,1/30/25,,6,10.58,
R229,F,19.1,3,1/24/25,BLTxADT,10,ADT,4,1/30/25,,6,8.7,
R229,F,19.1,3,1/24/25,BLTxADT,10,ADT,5,1/30/25,1,6,,TICK FOUND DEAD IN CAPSULE
R216,F,19.4,3,1/24/25,BLTxGCT,10,BLT,1,1/30/25,,6,2.26,
R216,F,19.4,3,1/24/25,BLTxGCT,10,BLT,2,1/30/25,,6,4.31,
R216,F,19.4,3,1/24/25,BLTxGCT,10,BLT,3,1/30/25,,6,1.71,
R216,F,19.4,3,1/24/25,BLTxGCT,10,BLT,4,1/30/25,,6,4.32,
R216,F,19.4,3,1/24/25,BLTxGCT,10,BLT,5,2/1/25,,8,1.88,TICK REMOVED
R216,F,19.4,3,1/24/25,BLTxGCT,10,GCT,1,2/1/25,,8,22.82,
R216,F,19.4,3,1/24/25,BLTxGCT,10,GCT,2,2/1/25,,8,16.87,
R216,F,19.4,3,1/24/25,BLTxGCT,10,GCT,3,2/1/25,,8,19.36,
R216,F,19.4,3,1/24/25,BLTxGCT,10,GCT,4,2/1/25,,8,20.82,
R216,F,19.4,3,1/24/25,BLTxGCT,10,GCT,5,2/1/25,,8,18.97,
R217,F,24.1,3,1/24/25,GCT,10,GCT,1,2/1/25,,8,7.23,
R217,F,24.1,3,1/24/25,GCT,10,GCT,2,2/1/25,,8,11.43,
R217,F,24.1,3,1/24/25,GCT,10,GCT,3,2/1/25,,8,17.33,
R217,F,24.1,3,1/24/25,GCT,10,GCT,4,2/1/25,,8,16.44,
R217,F,24.1,3,1/24/25,GCT,10,GCT,5,2/1/25,,8,12.16,
R217,F,24.1,3,1/24/25,GCT,10,GCT,6,2/1/25,,8,17.26,
R217,F,24.1,3,1/24/25,GCT,10,GCT,7,2/1/25,,8,17.59,
R217,F,24.1,3,1/24/25,GCT,10,GCT,8,2/1/25,,8,13.25,
R217,F,24.1,3,1/24/25,GCT,10,GCT,9,2/1/25,,8,17.59,
R217,F,24.1,3,1/24/25,GCT,10,GCT,10,2/1/25,,8,18.05,
R218,F,21.1,3,1/24/25,ADTxGCT,10,ADT,1,1/30/25,,6,11.31,
R218,F,21.1,3,1/24/25,ADTxGCT,10,ADT,2,1/30/25,,6,10.7,
R218,F,21.1,3,1/24/25,ADTxGCT,10,ADT,3,1/30/25,,6,10.64,
R218,F,21.1,3,1/24/25,ADTxGCT,10,ADT,4,1/30/25,,6,11.51,
R218,F,21.1,3,1/24/25,ADTxGCT,10,ADT,5,1/30/25,,6,7.91,
R218,F,21.1,3,1/24/25,ADTxGCT,10,GCT,1,2/1/25,,8,19.99,
R218,F,21.1,3,1/24/25,ADTxGCT,10,GCT,2,2/1/25,,8,16.63,
R218,F,21.1,3,1/24/25,ADTxGCT,10,GCT,3,2/1/25,,8,20.04,
R218,F,21.1,3,1/24/25,ADTxGCT,10,GCT,4,,1,,,TICK FOUND DEAD IN CAPSULE
R218,F,21.1,3,1/24/25,ADTxGCT,10,GCT,5,,1,,,TICK FOUND DEAD IN CAPSULE
R192,F,25.9,3,1/24/25,ADT,10,ADT,1,1/29/25,,5,14.99,
R192,F,25.9,3,1/24/25,ADT,10,ADT,2,1/29/25,,5,10.01,
R192,F,25.9,3,1/24/25,ADT,10,ADT,3,1/29/25,,5,16.87,
R192,F,25.9,3,1/24/25,ADT,10,ADT,4,1/29/25,,5,9.58,
R192,F,25.9,3,1/24/25,ADT,10,ADT,5,1/29/25,,5,14.96,
R192,F,25.9,3,1/24/25,ADT,10,ADT,6,1/30/25,,6,16.01,
R192,F,25.9,3,1/24/25,ADT,10,ADT,7,1/30/25,,6,17.31,
R192,F,25.9,3,1/24/25,ADT,10,ADT,8,1/30/25,,6,12.03,
R192,F,25.9,3,1/24/25,ADT,10,ADT,9,1/30/25,,6,7.02,
R192,F,25.9,3,1/24/25,ADT,10,ADT,10,1/30/25,1,6,,TICK FOUND DEAD IN CAPSULE
DB299,M,24,4,2/21/25,BLT,10,BLT,1,2/24/25,,3,2.67,
DB299,M,24,4,2/21/25,BLT,10,BLT,2,2/25/25,,4,5.39,
DB299,M,24,4,2/21/25,BLT,10,BLT,3,2/25/25,,4,5.28,
DB299,M,24,4,2/21/25,BLT,10,BLT,4,2/26/25,,5,5.55,
DB299,M,24,4,2/21/25,BLT,10,BLT,5,2/26/25,,5,4.91,
DB299,M,24,4,2/21/25,BLT,10,BLT,6,,1,,,TICK FOUND DEAD IN CAPSULE
DB299,M,24,4,2/21/25,BLT,10,BLT,7,,1,,,TICK FOUND DEAD IN CAPSULE
DB299,M,24,4,2/21/25,BLT,10,BLT,8,,1,,,TICK FOUND DEAD IN CAPSULE
DB299,M,24,4,2/21/25,BLT,10,BLT,9,,1,,,TICK FOUND DEAD IN CAPSULE
DB299,M,24,4,2/21/25,BLT,10,BLT,10,,1,,,TICK FOUND DEAD IN CAPSULE
DB285,M,22.1,4,2/21/25,ADT,10,ADT,1,2/25/25,,4,17.29,
DB285,M,22.1,4,2/21/25,ADT,10,ADT,2,2/25/25,,4,15.76,
DB285,M,22.1,4,2/21/25,ADT,10,ADT,3,2/25/25,,4,20.33,
DB285,M,22.1,4,2/21/25,ADT,10,ADT,4,2/25/25,,4,15.48,
DB285,M,22.1,4,2/21/25,ADT,10,ADT,5,2/26/25,,5,14.15,
DB285,M,22.1,4,2/21/25,ADT,10,ADT,6,2/26/25,,5,19.3,
DB285,M,22.1,4,2/21/25,ADT,10,ADT,7,2/26/25,,5,11.55,
DB285,M,22.1,4,2/21/25,ADT,10,ADT,8,2/26/25,,5,16.21,
DB285,M,22.1,4,2/21/25,ADT,10,ADT,9,2/26/25,,5,19.37,
DB285,M,22.1,4,2/21/25,ADT,10,ADT,10,2/26/25,,5,17.93,
DB298,M,21.2,4,2/21/25,GCT,10,GCT,1,2/27/25,,6,13.49,
DB298,M,21.2,4,2/21/25,GCT,10,GCT,2,2/27/25,,6,19.42,
DB298,M,21.2,4,2/21/25,GCT,10,GCT,3,2/27/25,,6,18.63,
DB298,M,21.2,4,2/21/25,GCT,10,GCT,4,2/27/25,,6,20.83,
DB298,M,21.2,4,2/21/25,GCT,10,GCT,5,2/27/25,,6,11.29,
DB298,M,21.2,4,2/21/25,GCT,10,GCT,6,2/27/25,,6,12.48,
DB298,M,21.2,4,2/21/25,GCT,10,GCT,7,2/27/25,,6,8.63,
DB298,M,21.2,4,2/21/25,GCT,10,GCT,8,2/27/25,,6,19.9,
DB298,M,21.2,4,2/21/25,GCT,10,GCT,9,2/28/25,,7,19.04,
DB298,M,21.2,4,2/21/25,GCT,10,GCT,10,,1,,,TICK FOUND DEAD IN CAPSULE
DB293,M,19,4,2/21/25,BLTxADT,10,ADT,1,2/25/25,,4,18.92,
DB293,M,19,4,2/21/25,BLTxADT,10,ADT,2,2/25/25,,4,13.51,
DB293,M,19,4,2/21/25,BLTxADT,10,ADT,3,2/25/25,,4,13.57,
DB293,M,19,4,2/21/25,BLTxADT,10,ADT,4,2/25/25,,4,10.12,
DB293,M,19,4,2/21/25,BLTxADT,10,ADT,5,2/25/25,,4,13.72,
DB293,M,19,4,2/21/25,BLTxADT,10,BLT,1,2/25/25,,4,5.44,
DB293,M,19,4,2/21/25,BLTxADT,10,BLT,2,2/25/25,,4,5.75,
DB293,M,19,4,2/21/25,BLTxADT,10,BLT,3,2/26/25,,5,5.67,
DB293,M,19,4,2/21/25,BLTxADT,10,BLT,4,2/26/25,,5,5.47,
DB293,M,19,4,2/21/25,BLTxADT,10,BLT,5,2/26/25,,5,5.7,
DB291,M,19.5,4,2/21/25,BLTxGCT,10,BLT,1,2/25/25,,4,2.77,
DB291,M,19.5,4,2/21/25,BLTxGCT,10,BLT,2,2/25/25,,4,2.8,
DB291,M,19.5,4,2/21/25,BLTxGCT,10,BLT,3,2/26/25,,5,5.13,
DB291,M,19.5,4,2/21/25,BLTxGCT,10,BLT,4,,1,,,TICK FOUND DEAD IN CAPSULE
DB291,M,19.5,4,2/21/25,BLTxGCT,10,BLT,5,,1,,,TICK FOUND DEAD IN CAPSULE
DB291,M,19.5,4,2/21/25,BLTxGCT,10,GCT,1,2/27/25,,6,20.9,
DB291,M,19.5,4,2/21/25,BLTxGCT,10,GCT,2,2/27/25,,6,20.38,
DB291,M,19.5,4,2/21/25,BLTxGCT,10,GCT,3,2/27/25,,6,18.1,
DB291,M,19.5,4,2/21/25,BLTxGCT,10,GCT,4,2/27/25,,6,17.99,
DB291,M,19.5,4,2/21/25,BLTxGCT,10,GCT,5,2/27/25,,6,16.2,
DB292,M,19.8,4,2/21/25,ADTxGCT,10,ADT,1,2/26/25,,5,12.76,
DB292,M,19.8,4,2/21/25,ADTxGCT,10,ADT,2,2/26/25,,5,16.52,
DB292,M,19.8,4,2/21/25,ADTxGCT,10,ADT,3,2/26/25,,5,15.58,
DB292,M,19.8,4,2/21/25,ADTxGCT,10,ADT,4,2/27/25,,6,9.53,
DB292,M,19.8,4,2/21/25,ADTxGCT,10,ADT,5,,1,,,
DB292,M,19.8,4,2/21/25,ADTxGCT,10,GCT,1,2/27/25,,6,22.47,
DB292,M,19.8,4,2/21/25,ADTxGCT,10,GCT,2,2/28/25,,7,19.91,
DB292,M,19.8,4,2/21/25,ADTxGCT,10,GCT,3,2/28/25,,7,21.59,
DB292,M,19.8,4,2/21/25,ADTxGCT,10,GCT,4,2/28/25,,7,23.45,
DB292,M,19.8,4,2/21/25,ADTxGCT,10,GCT,5,2/28/25,,7,13.95,
DB196,F,21.3,5,2/28/25,BLT,10,BLT,1,3/3/25,,3,2.59,WI TICKS
DB196,F,21.3,5,2/28/25,BLT,10,BLT,2,3/4/25,,4,2.75,WI TICKS
DB196,F,21.3,5,2/28/25,BLT,10,BLT,3,3/4/25,,4,2.79,WI TICKS
DB196,F,21.3,5,2/28/25,BLT,10,BLT,4,3/4/25,,4,4.98,WI TICKS
DB196,F,21.3,5,2/28/25,BLT,10,BLT,5,3/4/25,,4,5.34,WI TICKS
DB196,F,21.3,5,2/28/25,BLT,10,BLT,6,3/4/25,,4,4.24,WI TICKS
DB196,F,21.3,5,2/28/25,BLT,10,BLT,7,3/4/25,,4,4.56,WI TICKS
DB196,F,21.3,5,2/28/25,BLT,10,BLT,8,3/4/25,,4,4.93,WI TICKS
DB196,F,21.3,5,2/28/25,BLT,10,BLT,9,3/4/25,,4,4.62,WI TICKS
DB196,F,21.3,5,2/28/25,BLT,10,BLT,10,,1,,,"WI TICKS, TICK FOUND DEAD IN CAPSULE"
R206,F,20.7,5,2/28/25,ADT,10,ADT,1,3/4/25,,4,21.42,
R206,F,20.7,5,2/28/25,ADT,10,ADT,2,3/4/25,,4,21.16,
R206,F,20.7,5,2/28/25,ADT,10,ADT,3,3/4/25,,4,17.91,
R206,F,20.7,5,2/28/25,ADT,10,ADT,4,3/4/25,,4,18.2,
R206,F,20.7,5,2/28/25,ADT,10,ADT,5,3/4/25,,4,19.37,
R206,F,20.7,5,2/28/25,ADT,10,ADT,6,3/4/25,,4,13.37,
R206,F,20.7,5,2/28/25,ADT,10,ADT,7,3/5/25,,5,20.31,
R206,F,20.7,5,2/28/25,ADT,10,ADT,8,3/5/25,,5,10.53,
R206,F,20.7,5,2/28/25,ADT,10,ADT,9,,1,,,TICK FOUND DEAD IN CAPSULE
R206,F,20.7,5,2/28/25,ADT,10,ADT,10,,1,,,TICK FOUND DEAD IN CAPSULE
R281,F,18.2,5,2/28/25,GCT,10,GCT,1,3/6/25,,6,12.59,
R281,F,18.2,5,2/28/25,GCT,10,GCT,2,3/6/25,,6,13.47,
R281,F,18.2,5,2/28/25,GCT,10,GCT,3,3/6/25,,6,18.56,
R281,F,18.2,5,2/28/25,GCT,10,GCT,4,3/6/25,,6,18.7,
R281,F,18.2,5,2/28/25,GCT,10,GCT,5,3/6/25,,6,14.42,
R281,F,18.2,5,2/28/25,GCT,10,GCT,6,3/6/25,,6,20.02,
R281,F,18.2,5,2/28/25,GCT,10,GCT,7,3/6/25,,6,14.36,
R281,F,18.2,5,2/28/25,GCT,10,GCT,8,3/7/25,,7,9.74,
R281,F,18.2,5,2/28/25,GCT,10,GCT,9,3/7/25,,7,14.12,
R281,F,18.2,5,2/28/25,GCT,10,GCT,10,3/7/25,,7,19.21,
R274,F,16.8,5,2/28/25,BLTxADT,10,ADT,1,3/4/25,,4,20.15,
R274,F,16.8,5,2/28/25,BLTxADT,10,ADT,2,3/4/25,,4,17.77,
R274,F,16.8,5,2/28/25,BLTxADT,10,ADT,3,3/4/25,,4,9.76,
R274,F,16.8,5,2/28/25,BLTxADT,10,ADT,4,3/5/25,,5,16.56,
R274,F,16.8,5,2/28/25,BLTxADT,10,ADT,5,3/5/25,,5,16.73,
R274,F,16.8,5,2/28/25,BLTxADT,10,BLT,1,3/4/25,,4,5.09,WI TICK
R274,F,16.8,5,2/28/25,BLTxADT,10,BLT,2,3/4/25,,4,2.74,WI TICK
R274,F,16.8,5,2/28/25,BLTxADT,10,BLT,3,3/4/25,,4,3.98,WI TICK
R274,F,16.8,5,2/28/25,BLTxADT,10,BLT,4,3/5/25,,5,4.58,WI TICK
R274,F,16.8,5,2/28/25,BLTxADT,10,BLT,5,,1,,,"WI TICK, TICK FOUND DEAD IN CAPSULE"
R279,F,20.1,5,2/28/25,BLTxGCT,10,BLT,1,3/4/25,,4,2.65,WI TICK
R279,F,20.1,5,2/28/25,BLTxGCT,10,BLT,2,3/5/25,,5,5.27,WI TICK
R279,F,20.1,5,2/28/25,BLTxGCT,10,BLT,3,3/5/25,,5,2.45,WI TICK
R279,F,20.1,5,2/28/25,BLTxGCT,10,BLT,4,,1,,,"WI TICK, TICK FOUND DEAD IN CAPSULE"
R279,F,20.1,5,2/28/25,BLTxGCT,10,BLT,5,,1,,,"WI TICK, TICK FOUND DEAD IN CAPSULE"
R279,F,20.1,5,2/28/25,BLTxGCT,10,GCT,1,3/6/25,,6,25.19,
R279,F,20.1,5,2/28/25,BLTxGCT,10,GCT,2,3/7/25,,7,12.54,
R279,F,20.1,5,2/28/25,BLTxGCT,10,GCT,3,3/7/25,,7,19.25,
R279,F,20.1,5,2/28/25,BLTxGCT,10,GCT,4,3/7/25,,7,22.79,
R279,F,20.1,5,2/28/25,BLTxGCT,10,GCT,5,3/7/25,,7,23.4,
R290,F,21.5,5,2/28/25,ADTxGCT,10,ADT,1,3/4/25,,4,19.22,
R290,F,21.5,5,2/28/25,ADTxGCT,10,ADT,2,3/4/25,,4,14.15,
R290,F,21.5,5,2/28/25,ADTxGCT,10,ADT,3,3/4/25,,4,18.59,
R290,F,21.5,5,2/28/25,ADTxGCT,10,ADT,4,,1,,,TICK FOUND DEAD IN CAPSULE
R290,F,21.5,5,2/28/25,ADTxGCT,10,ADT,5,,1,,,TICK FOUND DEAD IN CAPSULE
R290,F,21.5,5,2/28/25,ADTxGCT,10,GCT,1,3/6/25,,6,27.02,
R290,F,21.5,5,2/28/25,ADTxGCT,10,GCT,2,3/6/25,,6,15.07,
R290,F,21.5,5,2/28/25,ADTxGCT,10,GCT,3,3/6/25,,6,21.87,
R290,F,21.5,5,2/28/25,ADTxGCT,10,GCT,4,3/6/25,,6,19.07,
R290,F,21.5,5,2/28/25,ADTxGCT,10,GCT,5,,1,,,TICK FOUND DEAD IN CAPSULE
DB301,M,22.8,6,3/14/25,BLT,10,BLT,1,3/18/25,,4,4.38,
DB301,M,22.8,6,3/14/25,BLT,10,BLT,2,3/18/25,,4,5.42,
DB301,M,22.8,6,3/14/25,BLT,10,BLT,3,3/18/25,,4,2.84,
DB301,M,22.8,6,3/14/25,BLT,10,BLT,4,3/18/25,,4,2.8,DROPPED AFTER WEIGHING
DB301,M,22.8,6,3/14/25,BLT,10,BLT,5,3/18/25,,4,2.41,
DB301,M,22.8,6,3/14/25,BLT,10,BLT,6,3/18/25,,4,5.82,
DB301,M,22.8,6,3/14/25,BLT,10,BLT,7,3/18/25,,4,2.33,
DB301,M,22.8,6,3/14/25,BLT,10,BLT,8,3/19/25,,5,5.25,
DB301,M,22.8,6,3/14/25,BLT,10,BLT,9,,1,,,TICK FOUND DEAD IN CAPSULE
DB301,M,22.8,6,3/14/25,BLT,10,BLT,10,,1,,,TICK FOUND DEAD IN CAPSULE
DB314,M,34.4,6,3/14/25,ADT,10,ADT,1,3/18/25,,4,16.19,
DB314,M,34.4,6,3/14/25,ADT,10,ADT,2,3/18/25,,4,14.45,
DB314,M,34.4,6,3/14/25,ADT,10,ADT,3,3/18/25,,4,15.05,
DB314,M,34.4,6,3/14/25,ADT,10,ADT,4,3/18/25,,4,16.46,
DB314,M,34.4,6,3/14/25,ADT,10,ADT,5,3/18/25,,4,12.39,
DB314,M,34.4,6,3/14/25,ADT,10,ADT,6,3/18/25,,4,18.03,
DB314,M,34.4,6,3/14/25,ADT,10,ADT,7,3/18/25,,4,14.81,
DB314,M,34.4,6,3/14/25,ADT,10,ADT,8,3/19/25,,5,19.67,
DB314,M,34.4,6,3/14/25,ADT,10,ADT,9,3/19/25,,5,16.94,
DB314,M,34.4,6,3/14/25,ADT,10,ADT,10,3/19/25,,5,15.13,
DB336,M,20.4,6,3/14/25,GCT,10,GCT,1,3/20/25,,6,18.91,
DB336,M,20.4,6,3/14/25,GCT,10,GCT,2,3/20/25,,6,13.13,
DB336,M,20.4,6,3/14/25,GCT,10,GCT,3,3/20/25,,6,18,
DB336,M,20.4,6,3/14/25,GCT,10,GCT,4,3/20/25,,6,11.43,
DB336,M,20.4,6,3/14/25,GCT,10,GCT,5,3/20/25,,6,15.86,
DB336,M,20.4,6,3/14/25,GCT,10,GCT,6,3/20/25,,6,21.71,
DB336,M,20.4,6,3/14/25,GCT,10,GCT,7,3/20/25,,6,22.41,
DB336,M,20.4,6,3/14/25,GCT,10,GCT,8,3/20/25,,6,18.74,
DB336,M,20.4,6,3/14/25,GCT,10,GCT,9,3/20/25,,6,19.87,
DB336,M,20.4,6,3/14/25,GCT,10,GCT,10,3/20/25,,6,19.89,
DB309,M,20.8,6,3/14/25,BLTxADT,11,BLT,1,3/18/25,,4,2.88,
DB309,M,20.8,6,3/14/25,BLTxADT,11,BLT,2,3/18/25,,4,4.93,
DB309,M,20.8,6,3/14/25,BLTxADT,11,BLT,3,3/19/25,,5,2.41,
DB309,M,20.8,6,3/14/25,BLTxADT,11,BLT,4,3/19/25,,5,4.89,
DB309,M,20.8,6,3/14/25,BLTxADT,11,BLT,5,3/19/25,,5,2.42,
DB309,M,20.8,6,3/14/25,BLTxADT,11,BLT,6,3/19/25,,5,4.74,
DB309,M,20.8,6,3/14/25,BLTxADT,11,ADT,1,3/18/25,,4,11.69,
DB309,M,20.8,6,3/14/25,BLTxADT,11,ADT,2,3/18/25,,4,9.12,
DB309,M,20.8,6,3/14/25,BLTxADT,11,ADT,3,3/19/25,,5,14.03,
DB309,M,20.8,6,3/14/25,BLTxADT,11,ADT,4,3/19/25,,5,17.1,
DB309,M,20.8,6,3/14/25,BLTxADT,11,ADT,5,,1,,,TICK FOUND DEAD IN CAPSULE
DB313,M,21.6,6,3/14/25,BLTxGCT,10,BLT,1,3/18/25,,4,5.58,
DB313,M,21.6,6,3/14/25,BLTxGCT,10,BLT,2,3/18/25,,4,2.64,
DB313,M,21.6,6,3/14/25,BLTxGCT,10,BLT,3,3/18/25,,4,2.88,
DB313,M,21.6,6,3/14/25,BLTxGCT,10,BLT,4,3/19/25,,5,4.68,
DB313,M,21.6,6,3/14/25,BLTxGCT,10,BLT,5,3/19/25,,5,2.4,
DB313,M,21.6,6,3/14/25,BLTxGCT,10,GCT,1,3/20/25,,6,14.8,
DB313,M,21.6,6,3/14/25,BLTxGCT,10,GCT,2,3/20/25,,6,24.12,
DB313,M,21.6,6,3/14/25,BLTxGCT,10,GCT,3,3/20/25,,6,22.75,
DB313,M,21.6,6,3/14/25,BLTxGCT,10,GCT,4,3/20/25,,6,16.26,
DB313,M,21.6,6,3/14/25,BLTxGCT,10,GCT,5,3/20/25,,6,17.2,
DB312,M,18.8,6,3/14/25,ADTxGCT,10,ADT,1,3/19/25,,5,17.03,
DB312,M,18.8,6,3/14/25,ADTxGCT,10,ADT,2,3/19/25,,5,15.1,
DB312,M,18.8,6,3/14/25,ADTxGCT,10,ADT,3,3/19/25,,5,15.74,
DB312,M,18.8,6,3/14/25,ADTxGCT,10,ADT,4,3/19/25,,5,12.85,
DB312,M,18.8,6,3/14/25,ADTxGCT,10,ADT,5,3/20/25,,6,9.78,
DB312,M,18.8,6,3/14/25,ADTxGCT,10,GCT,1,3/20/25,,6,27.62,
DB312,M,18.8,6,3/14/25,ADTxGCT,10,GCT,2,3/20/25,,6,18.56,
DB312,M,18.8,6,3/14/25,ADTxGCT,10,GCT,3,3/20/25,,6,17.8,
DB312,M,18.8,6,3/14/25,ADTxGCT,10,GCT,4,3/20/25,,6,22.03,
DB312,M,18.8,6,3/14/25,ADTxGCT,10,GCT,5,3/20/25,,6,22.61,
R300,F,18.8,7,3/21/25,BLT,10,BLT,1,3/24/25,,3,2.92,
R300,F,18.8,7,3/21/25,BLT,10,BLT,2,3/25/25,,4,4.47,
R300,F,18.8,7,3/21/25,BLT,10,BLT,3,3/25/25,,4,5.62,
R300,F,18.8,7,3/21/25,BLT,10,BLT,4,3/25/25,,4,4.86,
R300,F,18.8,7,3/21/25,BLT,10,BLT,5,3/25/25,,4,3.21,
R300,F,18.8,7,3/21/25,BLT,10,BLT,6,,1,,,TICK FOUND DEAD IN CAPSULE
R300,F,18.8,7,3/21/25,BLT,10,BLT,7,,1,,,TICK FOUND DEAD IN CAPSULE
R300,F,18.8,7,3/21/25,BLT,10,BLT,8,,1,,,TICK FOUND DEAD IN CAPSULE
R300,F,18.8,7,3/21/25,BLT,10,BLT,9,,1,,,TICK FOUND DEAD IN CAPSULE
R300,F,18.8,7,3/21/25,BLT,10,BLT,10,,1,,,TICK FOUND DEAD IN CAPSULE
R293,F,18.6,7,3/21/25,ADT,10,ADT,1,3/25/25,,4,12.72,
R293,F,18.6,7,3/21/25,ADT,10,ADT,2,3/25/25,,4,11.47,
R293,F,18.6,7,3/21/25,ADT,10,ADT,3,3/25/25,,4,15.73,
R293,F,18.6,7,3/21/25,ADT,10,ADT,4,3/25/25,,4,10.53,
R293,F,18.6,7,3/21/25,ADT,10,ADT,5,3/25/25,,4,13.15,
R293,F,18.6,7,3/21/25,ADT,10,ADT,6,3/25/25,,4,16.31,
R293,F,18.6,7,3/21/25,ADT,10,ADT,7,3/25/25,,4,14.4,
R293,F,18.6,7,3/21/25,ADT,10,ADT,8,3/26/25,,5,17.99,
R293,F,18.6,7,3/21/25,ADT,10,ADT,9,3/26/25,,5,13.33,
R293,F,18.6,7,3/21/25,ADT,10,ADT,10,3/26/25,,5,11.22,
R299,F,19.6,7,3/21/25,GCT,10,GCT,1,3/27/25,,6,13.66,
R299,F,19.6,7,3/21/25,GCT,10,GCT,2,3/27/25,,6,16.92,
R299,F,19.6,7,3/21/25,GCT,10,GCT,3,3/27/25,,6,15.14,
R299,F,19.6,7,3/21/25,GCT,10,GCT,4,3/27/25,,6,21.56,
R299,F,19.6,7,3/21/25,GCT,10,GCT,5,3/27/25,,6,16.85,
R299,F,19.6,7,3/21/25,GCT,10,GCT,6,3/27/25,,6,15.81,
R299,F,19.6,7,3/21/25,GCT,10,GCT,7,3/28/25,,7,16.42,
R299,F,19.6,7,3/21/25,GCT,10,GCT,8,3/28/25,,7,26.39,
R299,F,19.6,7,3/21/25,GCT,10,GCT,9,3/28/25,,7,19.46,
R299,F,19.6,7,3/21/25,GCT,10,GCT,10,3/28/25,,7,15.78,
R301,F,20,7,3/21/25,BLTxADT,10,BLT,1,3/25/25,,4,2.27,
R301,F,20,7,3/21/25,BLTxADT,10,BLT,2,3/25/25,,4,2.38,
R301,F,20,7,3/21/25,BLTxADT,10,BLT,3,3/25/25,,4,4.64,
R301,F,20,7,3/21/25,BLTxADT,10,BLT,4,,1,,,TICK FOUND DEAD IN CAPSULE
R301,F,20,7,3/21/25,BLTxADT,10,BLT,5,,1,,,TICK FOUND DEAD IN CAPSULE
R301,F,20,7,3/21/25,BLTxADT,10,ADT,1,3/25/25,,4,14.4,
R301,F,20,7,3/21/25,BLTxADT,10,ADT,2,3/25/25,,4,19.35,
R301,F,20,7,3/21/25,BLTxADT,10,ADT,3,3/25/25,,4,18.84,
R301,F,20,7,3/21/25,BLTxADT,10,ADT,4,3/25/25,,4,17.56,
R301,F,20,7,3/21/25,BLTxADT,10,ADT,5,3/26/25,,5,14.45,
R275,F,18.6,7,3/21/25,BLTxGCT,10,BLT,1,3/24/25,,3,2.6,
R275,F,18.6,7,3/21/25,BLTxGCT,10,BLT,2,3/25/25,,4,5.37,
R275,F,18.6,7,3/21/25,BLTxGCT,10,BLT,3,3/25/25,,4,4.9,
R275,F,18.6,7,3/21/25,BLTxGCT,10,BLT,4,3/25/25,,4,5.89,
R275,F,18.6,7,3/21/25,BLTxGCT,10,BLT,5,,1,,,
R275,F,18.6,7,3/21/25,BLTxGCT,10,GCT,1,3/27/25,,6,16.86,
R275,F,18.6,7,3/21/25,BLTxGCT,10,GCT,2,3/27/25,,6,21.23,
R275,F,18.6,7,3/21/25,BLTxGCT,10,GCT,3,3/28/25,,7,22.69,
R275,F,18.6,7,3/21/25,BLTxGCT,10,GCT,4,3/28/25,,7,16.93,
R275,F,18.6,7,3/21/25,BLTxGCT,10,GCT,5,,1,,,TICK FOUND DEAD IN CAPSULE
R298,F,19.9,7,3/21/25,ADTxGCT,10,ADT,1,3/25/25,,4,18.41,
R298,F,19.9,7,3/21/25,ADTxGCT,10,ADT,2,3/25/25,,4,13.24,
R298,F,19.9,7,3/21/25,ADTxGCT,10,ADT,3,3/25/25,,4,16.41,
R298,F,19.9,7,3/21/25,ADTxGCT,10,ADT,4,3/25/25,,4,15.17,
R298,F,19.9,7,3/21/25,ADTxGCT,10,ADT,5,3/26/25,,5,15.15,
R298,F,19.9,7,3/21/25,ADTxGCT,10,GCT,1,3/27/25,,6,21.75,
R298,F,19.9,7,3/21/25,ADTxGCT,10,GCT,2,3/27/25,,6,21.42,
R298,F,19.9,7,3/21/25,ADTxGCT,10,GCT,3,3/28/25,,7,23.29,
R298,F,19.9,7,3/21/25,ADTxGCT,10,GCT,4,3/28/25,,7,21.09,
R298,F,19.9,7,3/21/25,ADTxGCT,10,GCT,5,3/28/25,,7,17.44,
DB331,M,23.9,8,3/28/25,BLT,10,BLT,1,3/31/25,,3,2.66,
DB331,M,23.9,8,3/28/25,BLT,10,BLT,2,4/1/25,,4,2.42,
DB331,M,23.9,8,3/28/25,BLT,10,BLT,3,4/1/25,,4,3.26,
DB331,M,23.9,8,3/28/25,BLT,10,BLT,4,4/2/25,,5,5.44,
DB331,M,23.9,8,3/28/25,BLT,10,BLT,5,4/2/25,,5,2.23,
DB331,M,23.9,8,3/28/25,BLT,10,BLT,6,4/2/25,,5,4.9,
DB331,M,23.9,8,3/28/25,BLT,10,BLT,7,4/2/25,,5,4.59,
DB331,M,23.9,8,3/28/25,BLT,10,BLT,8,4/2/25,,5,2.87,
DB331,M,23.9,8,3/28/25,BLT,10,BLT,9,4/2/25,,5,4.43,
DB331,M,23.9,8,3/28/25,BLT,10,BLT,10,,1,,,
DB329,M,20.2,8,3/28/25,ADT,10,ADT,1,4/1/25,,4,17.21,
DB329,M,20.2,8,3/28/25,ADT,10,ADT,2,4/2/25,,5,13.03,
DB329,M,20.2,8,3/28/25,ADT,10,ADT,3,4/2/25,,5,16.36,
DB329,M,20.2,8,3/28/25,ADT,10,ADT,4,4/2/25,,5,16.84,
DB329,M,20.2,8,3/28/25,ADT,10,ADT,5,4/2/25,,5,9.48,
DB329,M,20.2,8,3/28/25,ADT,10,ADT,6,4/2/25,,5,8.1,
DB329,M,20.2,8,3/28/25,ADT,10,ADT,7,4/2/25,,5,11.76,
DB329,M,20.2,8,3/28/25,ADT,10,ADT,8,4/2/25,,5,18.51,
DB329,M,20.2,8,3/28/25,ADT,10,ADT,9,4/2/25,,5,18.95,
DB329,M,20.2,8,3/28/25,ADT,10,ADT,10,4/2/25,,5,18.44,
DB328,M,17.5,8,3/28/25,GCT,10,GCT,1,4/3/25,,6,17.48,
DB328,M,17.5,8,3/28/25,GCT,10,GCT,2,4/3/25,,6,16.47,
DB328,M,17.5,8,3/28/25,GCT,10,GCT,3,4/3/25,,6,19.77,
DB328,M,17.5,8,3/28/25,GCT,10,GCT,4,4/3/25,,6,12.75,
DB328,M,17.5,8,3/28/25,GCT,10,GCT,5,4/3/25,,6,25.36,
DB328,M,17.5,8,3/28/25,GCT,10,GCT,6,4/3/25,,6,22.66,
DB328,M,17.5,8,3/28/25,GCT,10,GCT,7,4/3/25,,6,23.62,
DB328,M,17.5,8,3/28/25,GCT,10,GCT,8,4/4/25,,7,15.28,
DB328,M,17.5,8,3/28/25,GCT,10,GCT,9,4/4/25,,7,25.01,
DB328,M,17.5,8,3/28/25,GCT,10,GCT,10,4/4/25,,7,19.76,
DB330,M,21.8,8,3/28/25,BLTxADT,10,BLT,1,4/2/25,,5,2.53,
DB330,M,21.8,8,3/28/25,BLTxADT,10,BLT,2,4/2/25,,5,2.52,
DB330,M,21.8,8,3/28/25,BLTxADT,10,BLT,3,4/2/25,,5,4.79,
DB330,M,21.8,8,3/28/25,BLTxADT,10,BLT,4,,1,,,TICK FOUND DEAD IN CAPSULE
DB330,M,21.8,8,3/28/25,BLTxADT,10,BLT,5,,1,,,TICK FOUND DEAD IN CAPSULE
DB330,M,21.8,8,3/28/25,BLTxADT,10,ADT,1,4/2/25,,5,19.5,
DB330,M,21.8,8,3/28/25,BLTxADT,10,ADT,2,4/2/25,,5,17.96,
DB330,M,21.8,8,3/28/25,BLTxADT,10,ADT,3,4/2/25,,5,23.47,
DB330,M,21.8,8,3/28/25,BLTxADT,10,ADT,4,4/2/25,,5,13.81,
DB330,M,21.8,8,3/28/25,BLTxADT,10,ADT,5,4/3/25,,6,16.98,
DB327,M,22.3,8,3/28/25,BLTxGCT,10,BLT,1,4/2/25,,5,5.38,
DB327,M,22.3,8,3/28/25,BLTxGCT,10,BLT,2,4/4/25,,7,2.95,
DB327,M,22.3,8,3/28/25,BLTxGCT,10,BLT,3,4/4/25,,7,0.62,
DB327,M,22.3,8,3/28/25,BLTxGCT,10,BLT,4,4/4/25,,7,0.88,
DB327,M,22.3,8,3/28/25,BLTxGCT,10,BLT,5,,1,,,
DB327,M,22.3,8,3/28/25,BLTxGCT,10,GCT,1,4/2/25,,5,11.58,
DB327,M,22.3,8,3/28/25,BLTxGCT,10,GCT,2,4/4/25,,7,18.49,
DB327,M,22.3,8,3/28/25,BLTxGCT,10,GCT,3,4/4/25,,7,21.7,
DB327,M,22.3,8,3/28/25,BLTxGCT,10,GCT,4,4/4/25,,7,26.84,
DB327,M,22.3,8,3/28/25,BLTxGCT,10,GCT,5,,1,,,
DB332,M,16,8,3/28/25,ADTxGCT,10,ADT,1,4/2/25,,5,14.84,
DB332,M,16,8,3/28/25,ADTxGCT,10,ADT,2,4/2/25,,5,18.82,
DB332,M,16,8,3/28/25,ADTxGCT,10,ADT,3,4/2/25,,5,14,
DB332,M,16,8,3/28/25,ADTxGCT,10,ADT,4,4/3/25,,6,8.25,
DB332,M,16,8,3/28/25,ADTxGCT,10,ADT,5,4/3/25,,6,12.76,
DB332,M,16,8,3/28/25,ADTxGCT,10,GCT,1,4/3/25,,6,22.39,
DB332,M,16,8,3/28/25,ADTxGCT,10,GCT,2,4/3/25,,6,18.73,
DB332,M,16,8,3/28/25,ADTxGCT,10,GCT,3,4/4/25,,7,23.48,
DB332,M,16,8,3/28/25,ADTxGCT,10,GCT,4,4/4/25,,7,22.56,
DB332,M,16,8,3/28/25,ADTxGCT,10,GCT,5,4/4/25,,7,23.79,
BK116,F,22.3,9,4/4/25,BLT,10,BLT,1,4/8/25,,4,4.33,
BK116,F,22.3,9,4/4/25,BLT,10,BLT,2,4/8/25,,4,5.29,
BK116,F,22.3,9,4/4/25,BLT,10,BLT,3,4/8/25,,4,2.61,
BK116,F,22.3,9,4/4/25,BLT,10,BLT,4,4/8/25,,4,2.39,
BK116,F,22.3,9,4/4/25,BLT,10,BLT,5,4/8/25,,4,5.33,
BK116,F,22.3,9,4/4/25,BLT,10,BLT,6,4/8/25,,4,4.74,
BK116,F,22.3,9,4/4/25,BLT,10,BLT,7,,1,,,TICK FOUND DEAD IN CAPSULE
BK116,F,22.3,9,4/4/25,BLT,10,BLT,8,,1,,,TICK FOUND DEAD IN CAPSULE
BK116,F,22.3,9,4/4/25,BLT,10,BLT,9,,1,,,TICK FOUND DEAD IN CAPSULE
BK116,F,22.3,9,4/4/25,BLT,10,BLT,10,,1,,,TICK FOUND DEAD IN CAPSULE
BK112,F,19.7,9,4/4/25,ADT,10,ADT,1,4/8/25,,4,16.2,
BK112,F,19.7,9,4/4/25,ADT,10,ADT,2,4/9/25,,5,18.19,
BK112,F,19.7,9,4/4/25,ADT,10,ADT,3,4/9/25,,5,17.39,
BK112,F,19.7,9,4/4/25,ADT,10,ADT,4,4/9/25,,5,18,
BK112,F,19.7,9,4/4/25,ADT,10,ADT,5,4/9/25,,5,13.06,
BK112,F,19.7,9,4/4/25,ADT,10,ADT,6,4/9/25,,5,16.53,
BK112,F,19.7,9,4/4/25,ADT,10,ADT,7,4/9/25,,5,17.31,
BK112,F,19.7,9,4/4/25,ADT,10,ADT,8,4/9/25,,5,13.51,
BK112,F,19.7,9,4/4/25,ADT,10,ADT,9,4/10/25,,6,16.63,
BK112,F,19.7,9,4/4/25,ADT,10,ADT,10,,1,,,TICK FOUND DEAD IN CAPSULE
BK114,F,18.6,9,4/4/25,GCT,10,GCT,1,4/10/25,,6,12.04,
BK114,F,18.6,9,4/4/25,GCT,10,GCT,2,4/10/25,,6,12.1,
BK114,F,18.6,9,4/4/25,GCT,10,GCT,3,4/10/25,,6,23.11,
BK114,F,18.6,9,4/4/25,GCT,10,GCT,4,4/11/25,,7,14.52,
BK114,F,18.6,9,4/4/25,GCT,10,GCT,5,4/11/25,,7,23.62,
BK114,F,18.6,9,4/4/25,GCT,10,GCT,6,4/11/25,,7,13.44,
BK114,F,18.6,9,4/4/25,GCT,10,GCT,7,4/11/25,,7,12.63,
BK114,F,18.6,9,4/4/25,GCT,10,GCT,8,4/11/25,,7,21.88,
BK114,F,18.6,9,4/4/25,GCT,10,GCT,9,4/11/25,,7,24.21,
BK114,F,18.6,9,4/4/25,GCT,10,GCT,10,,1,,,TICK FOUND DEAD IN CAPSULE
R283,F,19.3,9,4/4/25,BLTxADT,10,BLT,1,4/8/25,,4,3.89,
R283,F,19.3,9,4/4/25,BLTxADT,10,BLT,2,4/11/25,,7,5.16,
R283,F,19.3,9,4/4/25,BLTxADT,10,BLT,3,,1,,,TICK FOUND DEAD IN CAPSULE
R283,F,19.3,9,4/4/25,BLTxADT,10,BLT,4,,1,,,TICK FOUND DEAD IN CAPSULE
R283,F,19.3,9,4/4/25,BLTxADT,10,BLT,5,,1,,,TICK FOUND DEAD IN CAPSULE
R283,F,19.3,9,4/4/25,BLTxADT,10,ADT,1,4/8/25,,4,17.94,
R283,F,19.3,9,4/4/25,BLTxADT,10,ADT,2,4/8/25,,4,9,
R283,F,19.3,9,4/4/25,BLTxADT,10,ADT,3,4/9/25,,5,12.05,
R283,F,19.3,9,4/4/25,BLTxADT,10,ADT,4,4/9/25,,5,12.02,
R283,F,19.3,9,4/4/25,BLTxADT,10,ADT,5,4/9/25,,5,9.42,
BK115,F,20.8,9,4/4/25,BLTxGCT,11,BLT,1,4/7/25,,3,4.95,
BK115,F,20.8,9,4/4/25,BLTxGCT,11,BLT,2,4/8/25,,4,5.45,
BK115,F,20.8,9,4/4/25,BLTxGCT,11,BLT,3,4/9/25,,5,4.51,
BK115,F,20.8,9,4/4/25,BLTxGCT,11,BLT,4,4/9/25,,5,4.51,
BK115,F,20.8,9,4/4/25,BLTxGCT,11,BLT,5,,1,,,TICK FOUND DEAD IN CAPSULE
BK115,F,20.8,9,4/4/25,BLTxGCT,11,GCT,1,4/8/25,,4,17.31,
BK115,F,20.8,9,4/4/25,BLTxGCT,11,GCT,2,4/8/25,,4,10.62,
BK115,F,20.8,9,4/4/25,BLTxGCT,11,GCT,3,4/8/25,,4,16.59,
BK115,F,20.8,9,4/4/25,BLTxGCT,11,GCT,4,4/8/25,,4,9.76,
BK115,F,20.8,9,4/4/25,BLTxGCT,11,GCT,5,4/11/25,,7,20.88,
BK115,F,20.8,9,4/4/25,BLTxGCT,11,GCT,6,4/11/25,,7,18.47,
BK113,F,20,9,4/4/25,ADTxGCT,10,ADT,1,4/8/25,,4,16.54,
BK113,F,20,9,4/4/25,ADTxGCT,10,ADT,2,4/8/25,,4,10.12,
BK113,F,20,9,4/4/25,ADTxGCT,10,ADT,3,4/8/25,,4,15.5,
BK113,F,20,9,4/4/25,ADTxGCT,10,ADT,4,4/8/25,,4,9.15,
BK113,F,20,9,4/4/25,ADTxGCT,10,ADT,5,,1,,,TICK FOUND DEAD IN CAPSULE
BK113,F,20,9,4/4/25,ADTxGCT,10,GCT,1,4/10/25,,6,21.43,
BK113,F,20,9,4/4/25,ADTxGCT,10,GCT,2,4/10/25,,6,12.92,
BK113,F,20,9,4/4/25,ADTxGCT,10,GCT,3,4/11/25,,7,15.72,
BK113,F,20,9,4/4/25,ADTxGCT,10,GCT,4,4/11/25,,7,20.18,
BK113,F,20,9,4/4/25,ADTxGCT,10,GCT,5,4/11/25,,7,18.05,
DB335,M,19.3,10,4/4/25,BLT,10,BLT,1,4/7/25,,3,3.1,
DB335,M,19.3,10,4/4/25,BLT,10,BLT,2,4/7/25,,3,5.19,
DB335,M,19.3,10,4/4/25,BLT,10,BLT,3,4/7/25,,3,2.84,
DB335,M,19.3,10,4/4/25,BLT,10,BLT,4,4/8/25,,4,6.21,
DB335,M,19.3,10,4/4/25,BLT,10,BLT,5,4/8/25,,4,3.19,
DB335,M,19.3,10,4/4/25,BLT,10,BLT,6,4/8/25,,4,4.07,
DB335,M,19.3,10,4/4/25,BLT,10,BLT,7,4/10/25,,6,0.31,
DB335,M,19.3,10,4/4/25,BLT,10,BLT,8,4/11/25,,7,0.46,
DB335,M,19.3,10,4/4/25,BLT,10,BLT,9,4/11/25,,7,0.47,
DB335,M,19.3,10,4/4/25,BLT,10,BLT,10,4/11/25,,7,0.69,
DB316,M,17.2,10,4/4/25,ADT,10,ADT,1,4/8/25,,4,12.04,
DB316,M,17.2,10,4/4/25,ADT,10,ADT,2,4/10/25,,6,13.05,
DB316,M,17.2,10,4/4/25,ADT,10,ADT,3,4/9/25,,5,13.75,
DB316,M,17.2,10,4/4/25,ADT,10,ADT,4,4/9/25,,5,17.21,
DB316,M,17.2,10,4/4/25,ADT,10,ADT,5,4/9/25,,5,16.57,
DB316,M,17.2,10,4/4/25,ADT,10,ADT,6,4/9/25,,5,14.35,
DB316,M,17.2,10,4/4/25,ADT,10,ADT,7,4/9/25,,5,16.91,
DB316,M,17.2,10,4/4/25,ADT,10,ADT,8,4/9/25,,5,13.15,
DB316,M,17.2,10,4/4/25,ADT,10,ADT,9,4/9/25,,5,11.73,
DB316,M,17.2,10,4/4/25,ADT,10,ADT,10,4/9/25,,5,17.77,
DB305,M,15.8,10,4/4/25,GCT,10,GCT,1,4/10/25,,6,11.8,
DB305,M,15.8,10,4/4/25,GCT,10,GCT,2,4/10/25,,6,21.76,
DB305,M,15.8,10,4/4/25,GCT,10,GCT,3,4/10/25,,6,19.58,
DB305,M,15.8,10,4/4/25,GCT,10,GCT,4,4/10/25,,6,20.59,
DB305,M,15.8,10,4/4/25,GCT,10,GCT,5,4/10/25,,6,17.71,
DB305,M,15.8,10,4/4/25,GCT,10,GCT,6,4/11/25,,7,19.72,
DB305,M,15.8,10,4/4/25,GCT,10,GCT,7,4/11/25,,7,16.27,
DB305,M,15.8,10,4/4/25,GCT,10,GCT,8,4/11/25,,7,12.74,
DB305,M,15.8,10,4/4/25,GCT,10,GCT,9,4/11/25,,7,19.83,
DB305,M,15.8,10,4/4/25,GCT,10,GCT,10,,1,,,TICK FOUND DEAD IN CAPSULE
DB315,M,16.8,10,4/4/25,BLTxADT,10,BLT,1,,1,,,TICK FOUND DEAD IN CAPSULE
DB315,M,16.8,10,4/4/25,BLTxADT,10,BLT,2,,1,,,TICK FOUND DEAD IN CAPSULE
DB315,M,16.8,10,4/4/25,BLTxADT,10,BLT,3,,1,,,TICK FOUND DEAD IN CAPSULE
DB315,M,16.8,10,4/4/25,BLTxADT,10,BLT,4,,1,,,TICK FOUND DEAD IN CAPSULE
DB315,M,16.8,10,4/4/25,BLTxADT,10,BLT,5,,1,,,TICK FOUND DEAD IN CAPSULE
DB315,M,16.8,10,4/4/25,BLTxADT,10,ADT,1,4/8/25,,4,20.07,
DB315,M,16.8,10,4/4/25,BLTxADT,10,ADT,2,4/8/25,,4,16.83,
DB315,M,16.8,10,4/4/25,BLTxADT,10,ADT,3,4/8/25,,4,17.69,
DB315,M,16.8,10,4/4/25,BLTxADT,10,ADT,4,4/8/25,,4,19.89,
DB315,M,16.8,10,4/4/25,BLTxADT,10,ADT,5,4/9/25,,5,13.85,
DB334,M,18.8,10,4/4/25,BLTxGCT,10,BLT,1,,1,,,TICK FOUND DEAD IN CAPSULE
DB334,M,18.8,10,4/4/25,BLTxGCT,10,BLT,2,,1,,,TICK FOUND DEAD IN CAPSULE
DB334,M,18.8,10,4/4/25,BLTxGCT,10,BLT,3,,1,,,TICK FOUND DEAD IN CAPSULE
DB334,M,18.8,10,4/4/25,BLTxGCT,10,BLT,4,,1,,,TICK FOUND DEAD IN CAPSULE
DB334,M,18.8,10,4/4/25,BLTxGCT,10,BLT,5,,1,,,TICK FOUND DEAD IN CAPSULE
DB334,M,18.8,10,4/4/25,BLTxGCT,10,GCT,1,4/11/25,,7,19.05,
DB334,M,18.8,10,4/4/25,BLTxGCT,10,GCT,2,4/11/25,,7,24.18,
DB334,M,18.8,10,4/4/25,BLTxGCT,10,GCT,3,4/10/25,,6,22.78,
DB334,M,18.8,10,4/4/25,BLTxGCT,10,GCT,4,4/10/25,,6,23.32,
DB334,M,18.8,10,4/4/25,BLTxGCT,10,GCT,5,4/10/25,,6,20.68,
DB333,M,"16,3",10,4/4/25,ADTxGCT,11,ADT,1,4/8/25,,4,16.53,
DB333,M,"16,3",10,4/4/25,ADTxGCT,11,ADT,2,4/9/25,,5,10.84,
DB333,M,"16,3",10,4/4/25,ADTxGCT,11,ADT,3,4/9/25,,5,10.62,
DB333,M,"16,3",10,4/4/25,ADTxGCT,11,ADT,4,4/9/25,,5,8.47,
DB333,M,"16,3",10,4/4/25,ADTxGCT,11,ADT,5,,1,,,
DB333,M,"16,3",10,4/4/25,ADTxGCT,11,GCT,1,4/11/25,,7,21.1,
DB333,M,"16,3",10,4/4/25,ADTxGCT,11,GCT,2,4/11/25,,7,22.73,
DB333,M,"16,3",10,4/4/25,ADTxGCT,11,GCT,3,4/11/25,,7,21.49,
DB333,M,"16,3",10,4/4/25,ADTxGCT,11,GCT,4,4/10/25,,6,22.41,
DB333,M,"16,3",10,4/4/25,ADTxGCT,11,GCT,5,4/10/25,,6,23.11,
DB333,M,"16,3",10,4/4/25,ADTxGCT,11,GCT,6,4/10/25,,6,23.72,
BK97,F,17.6,11,4/11/25,BLT,10,BLT,1,4/15/25,,4,4.64,
BK97,F,17.6,11,4/11/25,BLT,10,BLT,2,4/15/25,,4,2.62,
BK97,F,17.6,11,4/11/25,BLT,10,BLT,3,4/15/25,,4,2.45,
BK97,F,17.6,11,4/11/25,BLT,10,BLT,4,4/15/25,,4,5.17,
BK97,F,17.6,11,4/11/25,BLT,10,BLT,5,4/16/25,,5,1.62,
BK97,F,17.6,11,4/11/25,BLT,10,BLT,6,4/16/25,,5,4.59,
BK97,F,17.6,11,4/11/25,BLT,10,BLT,7,,1,,,TICK FOUND DEAD IN CAPSULE
BK97,F,17.6,11,4/11/25,BLT,10,BLT,8,,1,,,TICK FOUND DEAD IN CAPSULE
BK97,F,17.6,11,4/11/25,BLT,10,BLT,9,,1,,,TICK FOUND DEAD IN CAPSULE
BK97,F,17.6,11,4/11/25,BLT,10,BLT,10,,1,,,TICK FOUND DEAD IN CAPSULE
R294,F,19.7,11,4/11/25,ADT,10,ADT,1,4/15/25,,4,14.97,
R294,F,19.7,11,4/11/25,ADT,10,ADT,2,4/15/25,,4,12.43,
R294,F,19.7,11,4/11/25,ADT,10,ADT,3,4/15/25,,4,18.66,
R294,F,19.7,11,4/11/25,ADT,10,ADT,4,4/15/25,,4,15.36,
R294,F,19.7,11,4/11/25,ADT,10,ADT,5,4/16/25,,5,9.49,
R294,F,19.7,11,4/11/25,ADT,10,ADT,6,4/16/25,,5,10.77,
R294,F,19.7,11,4/11/25,ADT,10,ADT,7,4/16/25,,5,10.3,
R294,F,19.7,11,4/11/25,ADT,10,ADT,8,4/16/25,,5,14.16,
R294,F,19.7,11,4/11/25,ADT,10,ADT,9,4/16/25,,5,10.9,
R294,F,19.7,11,4/11/25,ADT,10,ADT,10,,1,,,TICK FOUND DEAD IN CAPSULE
BK100,F,14.5,11,4/11/25,GCT,10,GCT,1,4/17/25,,6,12.9,
BK100,F,14.5,11,4/11/25,GCT,10,GCT,2,4/17/25,,6,5.81,
BK100,F,14.5,11,4/11/25,GCT,10,GCT,3,4/17/25,,6,15.44,
BK100,F,14.5,11,4/11/25,GCT,10,GCT,4,4/17/25,,6,9.81,
BK100,F,14.5,11,4/11/25,GCT,10,GCT,5,4/17/25,,6,22.52,
BK100,F,14.5,11,4/11/25,GCT,10,GCT,6,4/18/25,,7,16.69,
BK100,F,14.5,11,4/11/25,GCT,10,GCT,7,4/18/25,,7,14.78,
BK100,F,14.5,11,4/11/25,GCT,10,GCT,8,4/18/25,,7,22.18,
BK100,F,14.5,11,4/11/25,GCT,10,GCT,9,4/18/25,,7,2.84,
BK100,F,14.5,11,4/11/25,GCT,10,GCT,10,4/18/25,,7,20.18,
BK98,F,15.3,11,4/11/25,BLTxADT,10,BLT,1,4/14/25,,3,2.56,
BK98,F,15.3,11,4/11/25,BLTxADT,10,BLT,2,4/14/25,,3,2.06,
BK98,F,15.3,11,4/11/25,BLTxADT,10,BLT,3,4/16/25,,5,1.69,
BK98,F,15.3,11,4/11/25,BLTxADT,10,BLT,4,4/16/25,,5,4.35,
BK98,F,15.3,11,4/11/25,BLTxADT,10,BLT,5,,1,,,TICK FOUND DEAD IN CAPSULE
BK98,F,15.3,11,4/11/25,BLTxADT,10,ADT,1,4/16/25,,5,12.23,
BK98,F,15.3,11,4/11/25,BLTxADT,10,ADT,2,4/16/25,,5,15.74,
BK98,F,15.3,11,4/11/25,BLTxADT,10,ADT,3,4/16/25,,5,22.49,
BK98,F,15.3,11,4/11/25,BLTxADT,10,ADT,4,4/16/25,,5,15.37,
BK98,F,15.3,11,4/11/25,BLTxADT,10,ADT,5,,1,,,TICK FOUND DEAD IN CAPSULE
BK99,F,16.1,11,4/11/25,BLTxGCT,10,BLT,1,4/15/25,,4,4.88,
BK99,F,16.1,11,4/11/25,BLTxGCT,10,BLT,2,4/15/25,,4,2.57,
BK99,F,16.1,11,4/11/25,BLTxGCT,10,BLT,3,4/15/25,,4,3.88,
BK99,F,16.1,11,4/11/25,BLTxGCT,10,BLT,4,4/15/25,,4,3.8,
BK99,F,16.1,11,4/11/25,BLTxGCT,10,BLT,5,,1,,,TICK FOUND DEAD IN CAPSULE
BK99,F,16.1,11,4/11/25,BLTxGCT,10,GCT,1,4/17/25,,6,25.27,
BK99,F,16.1,11,4/11/25,BLTxGCT,10,GCT,2,4/17/25,,6,25.13,
BK99,F,16.1,11,4/11/25,BLTxGCT,10,GCT,3,4/17/25,,6,15.97,
BK99,F,16.1,11,4/11/25,BLTxGCT,10,GCT,4,4/18/25,,7,25.09,
BK99,F,16.1,11,4/11/25,BLTxGCT,10,GCT,5,,1,,,TICK FOUND DEAD IN CAPSULE
DB361,F,20.2,11,4/11/25,ADTxGCT,10,ADT,1,4/15/25,,4,16.18,
DB361,F,20.2,11,4/11/25,ADTxGCT,10,ADT,2,4/15/25,,4,10.44,
DB361,F,20.2,11,4/11/25,ADTxGCT,10,ADT,3,4/15/25,,4,15.39,
DB361,F,20.2,11,4/11/25,ADTxGCT,10,ADT,4,4/16/25,,5,20.89,
DB361,F,20.2,11,4/11/25,ADTxGCT,10,ADT,5,4/16/25,,5,15.44,
DB361,F,20.2,11,4/11/25,ADTxGCT,10,GCT,1,4/17/25,,6,19.42,
DB361,F,20.2,11,4/11/25,ADTxGCT,10,GCT,2,4/17/25,,6,16.81,
DB361,F,20.2,11,4/11/25,ADTxGCT,10,GCT,3,4/17/25,,6,18.94,
DB361,F,20.2,11,4/11/25,ADTxGCT,10,GCT,4,4/17/25,,6,20.12,
DB361,F,20.2,11,4/11/25,ADTxGCT,10,GCT,5,4/17/25,,6,19.2,
DB357,M,19.5,12,4/11/25,BLT,10,BLT,1,4/15/25,,4,5.28,
DB357,M,19.5,12,4/11/25,BLT,10,BLT,2,4/15/25,,4,2.97,
DB357,M,19.5,12,4/11/25,BLT,10,BLT,3,4/15/25,,4,2.73,
DB357,M,19.5,12,4/11/25,BLT,10,BLT,4,4/15/25,,4,3.02,
DB357,M,19.5,12,4/11/25,BLT,10,BLT,5,4/15/25,,4,5.64,
DB357,M,19.5,12,4/11/25,BLT,10,BLT,6,4/16/25,,5,4.96,
DB357,M,19.5,12,4/11/25,BLT,10,BLT,7,4/16/25,,5,4.84,
DB357,M,19.5,12,4/11/25,BLT,10,BLT,8,,1,,,TICK FOUND DEAD IN CAPSULE
DB357,M,19.5,12,4/11/25,BLT,10,BLT,9,,1,,,TICK FOUND DEAD IN CAPSULE
DB357,M,19.5,12,4/11/25,BLT,10,BLT,10,,1,,,TICK FOUND DEAD IN CAPSULE
DB339,M,26.1,12,4/11/25,ADT,10,ADT,1,4/15/25,,4,15.78,
DB339,M,26.1,12,4/11/25,ADT,10,ADT,2,4/15/25,,4,19.87,
DB339,M,26.1,12,4/11/25,ADT,10,ADT,3,4/15/25,,4,15.67,
DB339,M,26.1,12,4/11/25,ADT,10,ADT,4,4/15/25,,4,15.2,
DB339,M,26.1,12,4/11/25,ADT,10,ADT,5,4/15/25,,4,11.44,
DB339,M,26.1,12,4/11/25,ADT,10,ADT,6,4/16/25,,5,17.21,
DB339,M,26.1,12,4/11/25,ADT,10,ADT,7,4/16/25,,5,13.28,
DB339,M,26.1,12,4/11/25,ADT,10,ADT,8,4/16/25,,5,19.12,
DB339,M,26.1,12,4/11/25,ADT,10,ADT,9,4/16/25,,5,17.59,
DB339,M,26.1,12,4/11/25,ADT,10,ADT,10,,1,,,TICK FOUND DEAD IN CAPSULE
DB340,M,16,12,4/11/25,GCT,10,GCT,1,4/17/25,,6,19.53,
DB340,M,16,12,4/11/25,GCT,10,GCT,2,4/17/25,,6,20.64,
DB340,M,16,12,4/11/25,GCT,10,GCT,3,4/17/25,,6,18.76,
DB340,M,16,12,4/11/25,GCT,10,GCT,4,4/17/25,,6,18.22,
DB340,M,16,12,4/11/25,GCT,10,GCT,5,4/17/25,,6,17.88,
DB340,M,16,12,4/11/25,GCT,10,GCT,6,4/17/25,,6,21.26,
DB340,M,16,12,4/11/25,GCT,10,GCT,7,4/17/25,,6,16.76,
DB340,M,16,12,4/11/25,GCT,10,GCT,8,4/18/25,,7,21.93,
DB340,M,16,12,4/11/25,GCT,10,GCT,9,4/18/25,,7,16.25,
DB340,M,16,12,4/11/25,GCT,10,GCT,10,4/18/25,,7,24.22,
DB341,M,18,12,4/11/25,BLTxADT,10,BLT,1,4/14/25,,3,4.47,
DB341,M,18,12,4/11/25,BLTxADT,10,BLT,2,4/16/25,,5,4.62,
DB341,M,18,12,4/11/25,BLTxADT,10,BLT,3,,1,,,TICK FOUND DEAD IN CAPSULE
DB341,M,18,12,4/11/25,BLTxADT,10,BLT,4,,1,,,TICK FOUND DEAD IN CAPSULE
DB341,M,18,12,4/11/25,BLTxADT,10,BLT,5,,1,,,TICK FOUND DEAD IN CAPSULE
DB341,M,18,12,4/11/25,BLTxADT,10,ADT,1,4/16/25,,5,14.99,
DB341,M,18,12,4/11/25,BLTxADT,10,ADT,2,4/16/25,,5,21.06,
DB341,M,18,12,4/11/25,BLTxADT,10,ADT,3,4/16/25,,5,14.2,
DB341,M,18,12,4/11/25,BLTxADT,10,ADT,4,4/16/25,,5,18.78,
DB341,M,18,12,4/11/25,BLTxADT,10,ADT,5,4/16/25,,5,12.33,
DB355,M,24,12,4/11/25,BLTxGCT,10,BLT,1,4/15/25,,4,2.5,
DB355,M,24,12,4/11/25,BLTxGCT,10,BLT,2,4/15/25,,4,2.24,
DB355,M,24,12,4/11/25,BLTxGCT,10,BLT,3,4/15/25,,4,2.62,
DB355,M,24,12,4/11/25,BLTxGCT,10,BLT,4,4/17/25,,6,5.83,
DB355,M,24,12,4/11/25,BLTxGCT,10,BLT,5,,1,,,TICK FOUND DEAD IN CAPSULE
DB355,M,24,12,4/11/25,BLTxGCT,10,GCT,1,4/17/25,,6,21.8,
DB355,M,24,12,4/11/25,BLTxGCT,10,GCT,2,4/17/25,,6,17.66,
DB355,M,24,12,4/11/25,BLTxGCT,10,GCT,3,4/17/25,,6,22.74,
DB355,M,24,12,4/11/25,BLTxGCT,10,GCT,4,4/18/25,,7,27.33,
DB355,M,24,12,4/11/25,BLTxGCT,10,GCT,5,,1,,,TICK FOUND DEAD IN CAPSULE
DB356,M,18.3,12,4/11/25,ADTxGCT,10,ADT,1,4/15/25,,4,16.51,
DB356,M,18.3,12,4/11/25,ADTxGCT,10,ADT,2,4/17/25,,6,18.21,
DB356,M,18.3,12,4/11/25,ADTxGCT,10,ADT,3,4/16/25,,5,12.19,
DB356,M,18.3,12,4/11/25,ADTxGCT,10,ADT,4,4/16/25,,5,19.01,
DB356,M,18.3,12,4/11/25,ADTxGCT,10,ADT,5,4/16/25,,5,11.35,
DB356,M,18.3,12,4/11/25,ADTxGCT,10,GCT,1,4/17/25,,6,17.72,
DB356,M,18.3,12,4/11/25,ADTxGCT,10,GCT,2,4/18/25,,7,18.71,
DB356,M,18.3,12,4/11/25,ADTxGCT,10,GCT,3,4/18/25,,7,28.59,
DB356,M,18.3,12,4/11/25,ADTxGCT,10,GCT,4,4/18/25,,7,20.16,
DB356,M,18.3,12,4/11/25,ADTxGCT,10,GCT,5,4/18/25,,7,18.56,
BK96,F,18.2,13,4/18/25,BLT,10,BLT,1,4/21/25,,3,5.38,
BK96,F,18.2,13,4/18/25,BLT,10,BLT,2,4/21/25,,3,2.56,
BK96,F,18.2,13,4/18/25,BLT,10,BLT,3,4/21/25,,3,2.89,
BK96,F,18.2,13,4/18/25,BLT,10,BLT,4,4/22/25,,4,2.93,
BK96,F,18.2,13,4/18/25,BLT,10,BLT,5,4/22/25,,4,2.35,
BK96,F,18.2,13,4/18/25,BLT,10,BLT,6,4/22/25,,4,2.15,
BK96,F,18.2,13,4/18/25,BLT,10,BLT,7,4/22/25,,4,3.78,
BK96,F,18.2,13,4/18/25,BLT,10,BLT,8,4/22/25,,4,4.73,
BK96,F,18.2,13,4/18/25,BLT,10,BLT,9,4/22/25,,4,4.52,
BK96,F,18.2,13,4/18/25,BLT,10,BLT,10,4/22/25,,4,2.02,
BK105,F,20.1,13,4/18/25,ADT,10,ADT,1,4/22/25,,4,21.68,
BK105,F,20.1,13,4/18/25,ADT,10,ADT,2,4/22/25,,4,14.3,
BK105,F,20.1,13,4/18/25,ADT,10,ADT,3,4/23/25,,5,14.36,
BK105,F,20.1,13,4/18/25,ADT,10,ADT,4,4/23/25,,5,18.94,
BK105,F,20.1,13,4/18/25,ADT,10,ADT,5,4/23/25,,5,16.85,
BK105,F,20.1,13,4/18/25,ADT,10,ADT,6,4/23/25,,5,20.73,
BK105,F,20.1,13,4/18/25,ADT,10,ADT,7,4/23/25,,5,16.79,
BK105,F,20.1,13,4/18/25,ADT,10,ADT,8,4/23/25,,5,13.84,
BK105,F,20.1,13,4/18/25,ADT,10,ADT,9,4/24/25,,6,10.24,
BK105,F,20.1,13,4/18/25,ADT,10,ADT,10,4/24/25,,6,12.27,
BK94,F,17.9,13,4/18/25,GCT,10,GCT,1,4/23/25,,5,19.96,
BK94,F,17.9,13,4/18/25,GCT,10,GCT,2,4/24/25,,6,11.86,
BK94,F,17.9,13,4/18/25,GCT,10,GCT,3,4/24/25,,6,11.25,
BK94,F,17.9,13,4/18/25,GCT,10,GCT,4,4/24/25,,6,19.83,
BK94,F,17.9,13,4/18/25,GCT,10,GCT,5,4/24/25,,6,21.32,
BK94,F,17.9,13,4/18/25,GCT,10,GCT,6,4/24/25,,6,18.41,
BK94,F,17.9,13,4/18/25,GCT,10,GCT,7,4/24/25,,6,21.72,
BK94,F,17.9,13,4/18/25,GCT,10,GCT,8,4/24/25,,6,17.9,
BK94,F,17.9,13,4/18/25,GCT,10,GCT,9,,1,,,TICK FOUND DEAD IN CAPSULE
BK94,F,17.9,13,4/18/25,GCT,10,GCT,10,,1,,,TICK FOUND DEAD IN CAPSULE
BK106,F,21.2,13,4/18/25,BLTxADT,10,BLT,1,4/22/25,,4,5.15,
BK106,F,21.2,13,4/18/25,BLTxADT,10,BLT,2,4/22/25,,4,1.9,
BK106,F,21.2,13,4/18/25,BLTxADT,10,BLT,3,4/22/25,,4,5.57,
BK106,F,21.2,13,4/18/25,BLTxADT,10,BLT,4,4/22/25,,4,2.41,
BK106,F,21.2,13,4/18/25,BLTxADT,10,BLT,5,4/23/25,,5,4.16,
BK106,F,21.2,13,4/18/25,BLTxADT,10,ADT,1,4/22/25,,4,17.42,
BK106,F,21.2,13,4/18/25,BLTxADT,10,ADT,2,4/23/25,,5,16.15,
BK106,F,21.2,13,4/18/25,BLTxADT,10,ADT,3,4/23/25,,5,17.01,
BK106,F,21.2,13,4/18/25,BLTxADT,10,ADT,4,4/23/25,,5,18.75,
BK106,F,21.2,13,4/18/25,BLTxADT,10,ADT,5,4/23/25,,5,15.28,
BK104,F,21.4,13,4/18/25,BLTxGCT,10,BLT,1,4/21/25,,3,2.91,
BK104,F,21.4,13,4/18/25,BLTxGCT,10,BLT,2,4/22/25,,4,4.78,
BK104,F,21.4,13,4/18/25,BLTxGCT,10,BLT,3,4/22/25,,4,2.91,
BK104,F,21.4,13,4/18/25,BLTxGCT,10,BLT,4,,1,,,
BK104,F,21.4,13,4/18/25,BLTxGCT,10,BLT,5,,1,,,
BK104,F,21.4,13,4/18/25,BLTxGCT,10,GCT,1,4/25/25,,7,18.63,
BK104,F,21.4,13,4/18/25,BLTxGCT,10,GCT,2,4/25/25,,7,21.37,
BK104,F,21.4,13,4/18/25,BLTxGCT,10,GCT,3,4/25/25,,7,21.04,
BK104,F,21.4,13,4/18/25,BLTxGCT,10,GCT,4,4/24/25,,6,25.2,
BK104,F,21.4,13,4/18/25,BLTxGCT,10,GCT,5,4/24/25,,6,21.94,
BK95,F,18.5,13,4/18/25,ADTxGCT,10,ADT,1,4/22/25,,4,16.59,
BK95,F,18.5,13,4/18/25,ADTxGCT,10,ADT,2,4/23/25,,5,15.78,
BK95,F,18.5,13,4/18/25,ADTxGCT,10,ADT,3,4/23/25,,5,10.64,
BK95,F,18.5,13,4/18/25,ADTxGCT,10,ADT,4,4/23/25,,5,15.02,
BK95,F,18.5,13,4/18/25,ADTxGCT,10,ADT,5,4/23/25,,5,13.5,
BK95,F,18.5,13,4/18/25,ADTxGCT,10,GCT,1,4/25/25,,7,25.27,
BK95,F,18.5,13,4/18/25,ADTxGCT,10,GCT,2,4/25/25,,7,23.05,
BK95,F,18.5,13,4/18/25,ADTxGCT,10,GCT,3,4/24/25,,6,21.17,
BK95,F,18.5,13,4/18/25,ADTxGCT,10,GCT,4,4/24/25,,6,25.61,
BK95,F,18.5,13,4/18/25,ADTxGCT,10,GCT,5,4/24/25,,6,17.36,
DB346,M,20.8,14,4/18/25,BLT,10,BLT,1,4/21/25,,3,2.94,
DB346,M,20.8,14,4/18/25,BLT,10,BLT,2,4/22/25,,4,2.55,
DB346,M,20.8,14,4/18/25,BLT,10,BLT,3,4/22/25,,4,4.09,
DB346,M,20.8,14,4/18/25,BLT,10,BLT,4,4/22/25,,4,5.31,
DB346,M,20.8,14,4/18/25,BLT,10,BLT,5,4/22/25,,4,5.54,
DB346,M,20.8,14,4/18/25,BLT,10,BLT,6,4/22/25,,4,4.58,
DB346,M,20.8,14,4/18/25,BLT,10,BLT,7,4/22/25,,4,2.33,
DB346,M,20.8,14,4/18/25,BLT,10,BLT,8,4/23/25,,5,4.4,
DB346,M,20.8,14,4/18/25,BLT,10,BLT,9,4/23/25,,5,4.65,
DB346,M,20.8,14,4/18/25,BLT,10,BLT,10,4/23/25,,5,4.43,
DB358,M,30.1,14,4/18/25,ADT,10,ADT,1,4/22/25,,4,15.32,
DB358,M,30.1,14,4/18/25,ADT,10,ADT,2,4/22/25,,4,9.91,
DB358,M,30.1,14,4/18/25,ADT,10,ADT,3,4/23/25,,5,11.14,
DB358,M,30.1,14,4/18/25,ADT,10,ADT,4,4/23/25,,5,19.16,
DB358,M,30.1,14,4/18/25,ADT,10,ADT,5,4/23/25,,5,17.07,
DB358,M,30.1,14,4/18/25,ADT,10,ADT,6,4/23/25,,5,18.12,
DB358,M,30.1,14,4/18/25,ADT,10,ADT,7,4/23/25,,5,15.25,
DB358,M,30.1,14,4/18/25,ADT,10,ADT,8,4/23/25,,5,17.31,
DB358,M,30.1,14,4/18/25,ADT,10,ADT,9,4/23/25,,5,17.22,
DB358,M,30.1,14,4/18/25,ADT,10,ADT,10,4/23/25,,5,20.47,
DB347,M,17.6,14,4/18/25,GCT,10,GCT,1,4/25/25,,7,20.07,
DB347,M,17.6,14,4/18/25,GCT,10,GCT,2,4/25/25,,7,16.87,
DB347,M,17.6,14,4/18/25,GCT,10,GCT,3,4/25/25,,7,12.77,
DB347,M,17.6,14,4/18/25,GCT,10,GCT,4,4/24/25,,6,21.99,
DB347,M,17.6,14,4/18/25,GCT,10,GCT,5,4/24/25,,6,11.99,
DB347,M,17.6,14,4/18/25,GCT,10,GCT,6,4/24/25,,6,13.29,
DB347,M,17.6,14,4/18/25,GCT,10,GCT,7,4/24/25,,6,18.31,
DB347,M,17.6,14,4/18/25,GCT,10,GCT,8,4/24/25,,6,17.81,
DB347,M,17.6,14,4/18/25,GCT,10,GCT,9,4/24/25,,6,20.7,
DB347,M,17.6,14,4/18/25,GCT,10,GCT,10,4/24/25,,6,13.1,
DB338,M,18.3,14,4/18/25,BLTxADT,10,BLT,1,4/21/25,,3,2.7,
DB338,M,18.3,14,4/18/25,BLTxADT,10,BLT,2,4/22/25,,4,2.95,
DB338,M,18.3,14,4/18/25,BLTxADT,10,BLT,3,4/22/25,,4,2.01,
DB338,M,18.3,14,4/18/25,BLTxADT,10,BLT,4,4/23/25,,5,2.37,
DB338,M,18.3,14,4/18/25,BLTxADT,10,BLT,5,,1,,,
DB338,M,18.3,14,4/18/25,BLTxADT,10,ADT,1,4/22/25,,4,12.76,
DB338,M,18.3,14,4/18/25,BLTxADT,10,ADT,2,4/23/25,,5,11.47,
DB338,M,18.3,14,4/18/25,BLTxADT,10,ADT,3,4/23/25,,5,11.89,
DB338,M,18.3,14,4/18/25,BLTxADT,10,ADT,4,4/23/25,,5,17.69,
DB338,M,18.3,14,4/18/25,BLTxADT,10,ADT,5,4/23/25,,5,20.36,
DB337,M,19.9,14,4/18/25,BLTxGCT,10,BLT,1,4/22/25,,4,5.54,
DB337,M,19.9,14,4/18/25,BLTxGCT,10,BLT,2,4/22/25,,4,2.67,
DB337,M,19.9,14,4/18/25,BLTxGCT,10,BLT,3,4/22/25,,4,2.88,
DB337,M,19.9,14,4/18/25,BLTxGCT,10,BLT,4,4/22/25,,4,2.51,
DB337,M,19.9,14,4/18/25,BLTxGCT,10,BLT,5,,1,,,
DB337,M,19.9,14,4/18/25,BLTxGCT,10,GCT,1,4/25/25,,7,16.73,
DB337,M,19.9,14,4/18/25,BLTxGCT,10,GCT,2,4/25/25,,7,16.79,
DB337,M,19.9,14,4/18/25,BLTxGCT,10,GCT,3,4/25/25,,7,20.2,
DB337,M,19.9,14,4/18/25,BLTxGCT,10,GCT,4,4/25/25,,7,21.08,
DB337,M,19.9,14,4/18/25,BLTxGCT,10,GCT,5,4/25/25,,7,21.1,
DB359,M,34.8,14,4/18/25,ADTxGCT,10,ADT,1,4/23/25,,5,18.25,
DB359,M,34.8,14,4/18/25,ADTxGCT,10,ADT,2,4/23/25,,5,15.56,
DB359,M,34.8,14,4/18/25,ADTxGCT,10,ADT,3,4/23/25,,5,18.68,
DB359,M,34.8,14,4/18/25,ADTxGCT,10,ADT,4,4/23/25,,5,12.12,
DB359,M,34.8,14,4/18/25,ADTxGCT,10,ADT,5,,1,,,
DB359,M,34.8,14,4/18/25,ADTxGCT,10,GCT,1,4/25/25,,7,17.18,
DB359,M,34.8,14,4/18/25,ADTxGCT,10,GCT,2,4/25/25,,7,13.69,
DB359,M,34.8,14,4/18/25,ADTxGCT,10,GCT,3,4/24/25,,6,16.08,
DB359,M,34.8,14,4/18/25,ADTxGCT,10,GCT,4,4/24/25,,6,22.23,
DB359,M,34.8,14,4/18/25,ADTxGCT,10,GCT,5,4/24/25,,6,13.86,
,,,,,,,,,,,,,
,,,,,,,,,,,,,
,,,,,,,,,,,,,
,,,,,,,,,,,,,
,,,,,,,,,,,,,
,,,,,,,,,,,,,
,,,,,,,,,,,,,
,,,,,,,,,,,,,
,,,,,,,,,,,,,
,,,,,,,,,,,,,
,,,,,,,,,,,,,
,,,,,,,,,,,,,